{
  "model_type": "hybrid_poly_knn",
  "poly_coefficients": [
    -0.06915936956122934,
    0.013658734257935269,
    0.03276681678040186,
    -0.011966803491495419,
    -0.008401572425334796,
    0.005257161832602523,
    -0.0006701680952414563,
    0.00044504382373655873,
    0.0016150286375892775,
    0.0016467845033180577
  ],
  "poly_feature_names": [
    "intercept",
    "delta_a",
    "delta_E",
    "delta_L",
    "before_a",
    "after_a",
    "delta_E^2",
    "delta_a^2",
    "delta_a*before_a",
    "delta_E*before_a"
  ],
  "knn_k": 7,
  "knn_features_mean": [
    -23.069457364341087,
    30.280940310077515,
    7.678139534883718,
    20.524651162790697,
    -2.544806201550388
  ],
  "knn_features_std": [
    8.402013999061788,
    10.590945922314157,
    12.506893898497818,
    6.719675385121914,
    5.480858884310832
  ],
  "knn_reference_features": [
    [
      -19.04,
      24.0101,
      11.89,
      16.18,
      -2.86
    ],
    [
      -19.04,
      24.0101,
      11.89,
      16.18,
      -2.86
    ],
    [
      -19.12,
      22.4292,
      9.2,
      17.33,
      -1.79
    ],
    [
      -21.63,
      24.7757,
      9.62,
      19.66,
      -1.97
    ],
    [
      -22.72,
      26.3606,
      10.58,
      19.5,
      -3.22
    ],
    [
      -25.12,
      29.8004,
      12.09,
      22.63,
      -2.49
    ],
    [
      -24.71,
      30.0262,
      13.13,
      22.36,
      -2.35
    ],
    [
      -23.46,
      32.8192,
      8.03,
      21.79,
      -1.67
    ],
    [
      -24.46,
      33.2162,
      8.08,
      22.97,
      -1.49
    ],
    [
      -24.97,
      34.2377,
      7.68,
      22.93,
      -2.04
    ],
    [
      -17.18,
      30.0318,
      20.37,
      15.17,
      -2.01
    ],
    [
      -17.85,
      30.9043,
      20.51,
      15.67,
      -2.18
    ],
    [
      -17.27,
      30.4296,
      20.6,
      15.45,
      -1.82
    ],
    [
      -18.01,
      31.1781,
      20.42,
      15.83,
      -2.18
    ],
    [
      -17.28,
      24.6274,
      14.17,
      16.2,
      -1.08
    ],
    [
      -18.98,
      25.9498,
      13.45,
      17.35,
      -1.63
    ],
    [
      -19.43,
      26.3547,
      13.29,
      17.45,
      -1.98
    ],
    [
      -15.05,
      20.1915,
      10.16,
      14.69,
      -0.36
    ],
    [
      -18.04,
      23.0543,
      10.24,
      17.13,
      -0.91
    ],
    [
      -18.02,
      23.0299,
      10.23,
      17.11,
      -0.91
    ],
    [
      -17.21,
      29.1911,
      19.31,
      14.15,
      -3.06
    ],
    [
      -17.02,
      28.5367,
      19.89,
      14.66,
      -2.36
    ],
    [
      -18.83,
      29.8642,
      18.85,
      15.79,
      -3.04
    ],
    [
      -20.28,
      28.738,
      17.07,
      17.92,
      -2.36
    ],
    [
      -20.3,
      28.6314,
      16.54,
      18.14,
      -2.16
    ],
    [
      -20.75,
      28.0591,
      12.81,
      18.19,
      -2.56
    ],
    [
      -37.09,
      42.4117,
      13.59,
      32.42,
      -4.67
    ],
    [
      -34.06,
      43.9276,
      21.82,
      30.82,
      -3.24
    ],
    [
      -35.24,
      47.5343,
      25.64,
      32.19,
      -3.05
    ],
    [
      -12.15,
      14.4646,
      5.21,
      7.92,
      -4.23
    ],
    [
      -10.14,
      12.2822,
      4.43,
      5.6,
      -4.54
    ],
    [
      -10.34,
      12.661,
      4.9,
      5.52,
      -4.82
    ],
    [
      -11.76,
      15.8072,
      8.7,
      7.93,
      -3.83
    ],
    [
      -9.88,
      13.7874,
      7.93,
      6.96,
      -2.92
    ],
    [
      -9.56,
      12.7586,
      6.84,
      3.94,
      -5.62
    ],
    [
      -17.17,
      22.713,
      11.52,
      14.58,
      -2.59
    ],
    [
      -14.16,
      21.9883,
      13.43,
      8.13,
      -6.03
    ],
    [
      -13.89,
      19.7431,
      10.96,
      7.18,
      -6.71
    ],
    [
      -16.76,
      22.155,
      10.36,
      8.11,
      -8.65
    ],
    [
      -20.19,
      21.1504,
      -4.67,
      11.56,
      -8.63
    ],
    [
      -12.56,
      21.5569,
      14.81,
      6.74,
      -5.82
    ],
    [
      -18.5,
      21.3789,
      5.83,
      9.58,
      -8.92
    ],
    [
      -23.43,
      25.2399,
      -0.69,
      13.63,
      -9.8
    ],
    [
      -19.36,
      22.7794,
      6.28,
      12.11,
      -7.25
    ],
    [
      -21.04,
      25.4916,
      4.12,
      12.48,
      -8.56
    ],
    [
      -18.29,
      22.5146,
      6.6,
      12.44,
      -5.85
    ],
    [
      -20.78,
      26.1916,
      2.66,
      15.22,
      -5.56
    ],
    [
      -24.61,
      27.0311,
      6.86,
      19.77,
      -4.84
    ],
    [
      -27.51,
      31.2517,
      8.9,
      20.0,
      -7.51
    ],
    [
      -26.79,
      30.6554,
      9.19,
      19.24,
      -7.55
    ],
    [
      -19.87,
      36.3151,
      23.87,
      17.17,
      -2.7
    ],
    [
      -18.98,
      35.5854,
      24.52,
      16.46,
      -2.52
    ],
    [
      -19.16,
      36.5832,
      25.49,
      17.19,
      -1.97
    ],
    [
      -28.78,
      35.9401,
      13.79,
      25.38,
      -3.4
    ],
    [
      -29.68,
      39.196,
      16.98,
      25.59,
      -4.09
    ],
    [
      -27.53,
      38.7745,
      18.6,
      24.5,
      -3.03
    ],
    [
      -31.83,
      37.9076,
      10.73,
      27.22,
      -4.61
    ],
    [
      -27.28,
      38.3605,
      19.09,
      24.62,
      -2.66
    ],
    [
      -25.65,
      43.0959,
      28.35,
      23.15,
      -2.5
    ],
    [
      -0.62,
      2.4119,
      2.2,
      12.73,
      12.11
    ],
    [
      -19.16,
      34.6239,
      22.9,
      16.67,
      -2.49
    ],
    [
      -18.75,
      32.8956,
      20.19,
      16.25,
      -2.5
    ],
    [
      -18.99,
      34.8672,
      23.45,
      16.27,
      -2.72
    ],
    [
      -11.16,
      20.9309,
      15.13,
      4.43,
      -6.73
    ],
    [
      -30.26,
      31.2512,
      3.46,
      27.39,
      -2.87
    ],
    [
      -31.72,
      32.835,
      3.85,
      28.5,
      -3.22
    ],
    [
      -29.85,
      30.7788,
      2.4,
      27.53,
      -2.32
    ],
    [
      -28.48,
      29.3404,
      1.76,
      25.56,
      -2.92
    ],
    [
      -31.29,
      34.0508,
      8.4,
      27.32,
      -3.97
    ],
    [
      -25.8,
      28.2711,
      8.54,
      22.88,
      -2.92
    ],
    [
      -28.14,
      31.1226,
      9.26,
      25.27,
      -2.87
    ],
    [
      -26.36,
      29.3549,
      9.53,
      22.91,
      -3.45
    ],
    [
      -24.86,
      27.4155,
      8.76,
      22.3,
      -2.56
    ],
    [
      -25.88,
      28.5386,
      8.8,
      23.7,
      -2.18
    ],
    [
      -22.55,
      24.6094,
      7.57,
      20.37,
      -2.18
    ],
    [
      -24.56,
      26.9657,
      8.07,
      22.36,
      -2.2
    ],
    [
      -32.29,
      33.029,
      1.1,
      27.78,
      -4.51
    ],
    [
      -32.72,
      33.4945,
      0.55,
      28.77,
      -3.95
    ],
    [
      -25.83,
      26.8398,
      1.22,
      24.61,
      -1.22
    ],
    [
      -23.73,
      24.4884,
      1.08,
      22.28,
      -1.45
    ],
    [
      -27.55,
      41.0812,
      24.39,
      25.03,
      -2.52
    ],
    [
      -30.93,
      39.4391,
      15.42,
      27.87,
      -3.06
    ],
    [
      -28.67,
      41.853,
      21.7,
      26.02,
      -2.65
    ],
    [
      -28.65,
      42.9324,
      23.05,
      25.96,
      -2.69
    ],
    [
      -25.76,
      43.2083,
      27.2,
      22.71,
      -3.05
    ],
    [
      0.02,
      2.3713,
      2.33,
      25.29,
      25.31
    ],
    [
      0.04,
      2.0062,
      1.95,
      26.64,
      26.68
    ],
    [
      0.58,
      2.3118,
      2.09,
      25.19,
      25.77
    ],
    [
      -29.45,
      41.9563,
      25.61,
      26.59,
      -2.86
    ],
    [
      -31.82,
      44.414,
      25.46,
      29.05,
      -2.77
    ],
    [
      -32.34,
